{
  "910C": {
    "0.0": {
      "schema_version": 2,
      "seq_len": 1000000,
      "output_len": 1024,
      "prefix_cache_hit_rate": 0.0,
      "effective_prefill_len": 1000000,
      "decode_context_len": 1000000,
      "prefill": {
        "tp": 2,
        "ep": 16,
        "dp": 8,
        "edp": 1,
        "batch_size": 8,
        "seq_len": 1000000,
        "output_len": 1024,
        "logical_input_len": 1000000,
        "effective_prefill_len": 1000000,
        "decode_context_len": 1000000,
        "prefix_cache_hit_rate": 0.0,
        "physical_gpus": 16,
        "per_rank_batch": 1,
        "weight_gb": 44.898,
        "kv_cache_gb": 6.886,
        "hbm_total_gb": 51.783,
        "prefill_time_ms": 382979.1793673174,
        "prefill_tps": 20888.864019229506,
        "prefill_tps_instance": 20888.864019229506,
        "prefill_tps_per_gpu": 1305.5540012018441,
        "prefill_qps_instance": 0.020888864019229507
      },
      "decode": {
        "tp": 4,
        "ep": 32,
        "dp": 8,
        "edp": 1,
        "batch_size": 32,
        "seq_len": 1000000,
        "output_len": 1024,
        "logical_input_len": 1000000,
        "effective_prefill_len": 1000000,
        "decode_context_len": 1000000,
        "prefix_cache_hit_rate": 0.0,
        "physical_gpus": 32,
        "per_rank_batch": 4,
        "weight_gb": 24.376,
        "kv_cache_gb": 27.543,
        "hbm_total_gb": 51.919,
        "decode_first_step_ms": 24.927660008163258,
        "decode_total_ms_approx": 25527.574240449892,
        "decode_tps": 1283.6315621433878,
        "decode_tps_instance": 1283.6315621433878,
        "decode_tps_per_gpu": 40.11348631698087,
        "decode_qps_instance": 1.2535464474056521
      },
      "pd_ratio_float": 60.01027371577909,
      "pd_ratio_actual": 55.0,
      "prefill_instances": 55,
      "decode_instances": 1,
      "prefill_aggregate_qps": 1.1488875210576228,
      "decode_aggregate_qps": 1.2535464474056521,
      "qps_imbalance": -0.10465892634802931,
      "qps_imbalance_pct": 0.08349026600859674,
      "balance_tolerance": 0.1,
      "pd_label": "55P:1D",
      "balanced_cards_for_selected_instances": 912
    },
    "0.9": {
      "schema_version": 2,
      "seq_len": 1000000,
      "output_len": 1024,
      "prefix_cache_hit_rate": 0.9,
      "effective_prefill_len": 100000,
      "decode_context_len": 1000000,
      "prefill": {
        "tp": 2,
        "ep": 16,
        "dp": 8,
        "edp": 1,
        "batch_size": 8,
        "seq_len": 1000000,
        "output_len": 1024,
        "logical_input_len": 1000000,
        "effective_prefill_len": 100000,
        "decode_context_len": 1000000,
        "prefix_cache_hit_rate": 0.9,
        "physical_gpus": 16,
        "per_rank_batch": 1,
        "weight_gb": 44.898,
        "kv_cache_gb": 6.886,
        "hbm_total_gb": 51.783,
        "prefill_time_ms": 9796.731547267342,
        "prefill_tps": 816598.8790650781,
        "prefill_tps_instance": 816598.8790650781,
        "prefill_tps_per_gpu": 51037.42994156738,
        "prefill_qps_instance": 0.8165988790650781
      },
      "decode": {
        "tp": 4,
        "ep": 32,
        "dp": 8,
        "edp": 1,
        "batch_size": 32,
        "seq_len": 1000000,
        "output_len": 1024,
        "logical_input_len": 1000000,
        "effective_prefill_len": 100000,
        "decode_context_len": 1000000,
        "prefix_cache_hit_rate": 0.9,
        "physical_gpus": 32,
        "per_rank_batch": 4,
        "weight_gb": 24.376,
        "kv_cache_gb": 27.543,
        "hbm_total_gb": 51.919,
        "decode_first_step_ms": 24.927660008163258,
        "decode_total_ms_approx": 25527.574240449892,
        "decode_tps": 1283.6315621433878,
        "decode_tps_instance": 1283.6315621433878,
        "decode_tps_per_gpu": 40.11348631698087,
        "decode_qps_instance": 1.2535464474056521
      },
      "pd_ratio_float": 1.5350822534079818,
      "pd_ratio_actual": 1.5,
      "prefill_instances": 3,
      "decode_instances": 2,
      "prefill_aggregate_qps": 2.4497966371952344,
      "decode_aggregate_qps": 2.5070928948113043,
      "qps_imbalance": -0.05729625761606982,
      "qps_imbalance_pct": 0.022853663593658827,
      "balance_tolerance": 0.1,
      "pd_label": "3P:2D",
      "balanced_cards_for_selected_instances": 112
    },
    "0.99": {
      "schema_version": 2,
      "seq_len": 1000000,
      "output_len": 1024,
      "prefix_cache_hit_rate": 0.99,
      "effective_prefill_len": 10000,
      "decode_context_len": 1000000,
      "prefill": {
        "tp": 2,
        "ep": 16,
        "dp": 8,
        "edp": 1,
        "batch_size": 8,
        "seq_len": 1000000,
        "output_len": 1024,
        "logical_input_len": 1000000,
        "effective_prefill_len": 10000,
        "decode_context_len": 1000000,
        "prefix_cache_hit_rate": 0.99,
        "physical_gpus": 16,
        "per_rank_batch": 1,
        "weight_gb": 44.898,
        "kv_cache_gb": 6.886,
        "hbm_total_gb": 51.783,
        "prefill_time_ms": 702.2930145102367,
        "prefill_tps": 11391256.690170867,
        "prefill_tps_instance": 11391256.690170867,
        "prefill_tps_per_gpu": 711953.5431356792,
        "prefill_qps_instance": 11.391256690170867
      },
      "decode": {
        "tp": 4,
        "ep": 32,
        "dp": 8,
        "edp": 1,
        "batch_size": 32,
        "seq_len": 1000000,
        "output_len": 1024,
        "logical_input_len": 1000000,
        "effective_prefill_len": 10000,
        "decode_context_len": 1000000,
        "prefix_cache_hit_rate": 0.99,
        "physical_gpus": 32,
        "per_rank_batch": 4,
        "weight_gb": 24.376,
        "kv_cache_gb": 27.543,
        "hbm_total_gb": 51.919,
        "decode_first_step_ms": 24.927660008163258,
        "decode_total_ms_approx": 25527.574240449892,
        "decode_tps": 1283.6315621433878,
        "decode_tps_instance": 1283.6315621433878,
        "decode_tps_per_gpu": 40.11348631698087,
        "decode_qps_instance": 1.2535464474056521
      },
      "pd_ratio_float": 0.11004461417213918,
      "pd_ratio_actual": 0.1111111111111111,
      "prefill_instances": 1,
      "decode_instances": 9,
      "prefill_aggregate_qps": 11.391256690170867,
      "decode_aggregate_qps": 11.28191802665087,
      "qps_imbalance": 0.10933866351999733,
      "qps_imbalance_pct": 0.009598472450747422,
      "balance_tolerance": 0.1,
      "pd_label": "1P:9D",
      "balanced_cards_for_selected_instances": 304
    }
  },
  "H20": {
    "0.0": {
      "schema_version": 2,
      "seq_len": 1000000,
      "output_len": 1024,
      "prefix_cache_hit_rate": 0.0,
      "effective_prefill_len": 1000000,
      "decode_context_len": 1000000,
      "prefill": {
        "tp": 2,
        "ep": 16,
        "dp": 8,
        "edp": 1,
        "batch_size": 32,
        "seq_len": 1000000,
        "output_len": 1024,
        "logical_input_len": 1000000,
        "effective_prefill_len": 1000000,
        "decode_context_len": 1000000,
        "prefix_cache_hit_rate": 0.0,
        "physical_gpus": 16,
        "per_rank_batch": 4,
        "weight_gb": 44.898,
        "kv_cache_gb": 27.543,
        "hbm_total_gb": 72.44,
        "prefill_time_ms": 3688173.037771067,
        "prefill_tps": 8676.382499487898,
        "prefill_tps_instance": 8676.382499487898,
        "prefill_tps_per_gpu": 542.2739062179936,
        "prefill_qps_instance": 0.008676382499487897
      },
      "decode": {
        "tp": 4,
        "ep": 32,
        "dp": 8,
        "edp": 1,
        "batch_size": 64,
        "seq_len": 1000000,
        "output_len": 1024,
        "logical_input_len": 1000000,
        "effective_prefill_len": 1000000,
        "decode_context_len": 1000000,
        "prefix_cache_hit_rate": 0.0,
        "physical_gpus": 32,
        "per_rank_batch": 8,
        "weight_gb": 24.376,
        "kv_cache_gb": 55.085,
        "hbm_total_gb": 79.461,
        "decode_first_step_ms": 14.57878184861261,